movie_key,title,genre,duration,release_date,notation,overview,movie_director,poster_link,keywords,key_trailer,trailer_url
11657,Le Cercle rouge,"Crime, Thriller",140,1970-10-19,7.622,"Un truand marseillais, un détenu en cavale et un ancien policier mettent au point le hold-up du siècle. Le commissaire Mattei, de la brigade criminelle, leur tend une souricière.",Jean-Pierre Melville,https://image.tmdb.org/t/p/w500/sTqNuY39TpVEFbrtIAM9Zldxnt4.jpg,"[{'id': 378, 'name': 'prison'}, {'id': 417, 'name': 'corruption'}, {'id': 90, 'name': 'paris, france'}, {'id': 10685, 'name': 'escape'}, {'id': 6149, 'name': 'police'}, {'id': 1667, 'name': 'pimp'}, {'id': 10051, 'name': 'heist'}, {'id': 9727, 'name': 'thief'}, {'id': 10726, 'name': 'gang'}, {'id': 13112, 'name': 'murderer'}, {'id': 15164, 'name': 'custody'}, {'id': 155331, 'name': 'jewel'}, {'id': 201512, 'name': 'aristocratic'}]",taSkmZUa4dY,https://www.youtube.com/watch?v=taSkmZUa4dY
12598,Jo,"Comédie, Crime",85,1971-08-31,7.2,"Antoine Brisebard, auteur à succès, est victime d'un maître chanteur qui menace de l'atteindre en dévoilant les origines familiales de sa femme. Résolu à se débarrasser de Jo, le responsable du chantage, Antoine prétexte l'écriture d'une pièce policière afin de recueillir auprès de qui veut l'entendre les ingrédients du crime parfait...",Jean Girault,https://image.tmdb.org/t/p/w500/oO916dKqqKIWcQjUnbWjEcLF47Y.jpg,"[{'id': 6149, 'name': 'police'}, {'id': 1936, 'name': 'blackmail'}, {'id': 6112, 'name': 'firearm'}, {'id': 10818, 'name': 'author'}, {'id': 179011, 'name': 'hidden corpse'}]",F-s7S1JkEJg,https://www.youtube.com/watch?v=F-s7S1JkEJg
4593,Le Charme discret de la bourgeoisie,Comédie,101,1972-09-15,7.505,"Les Thévenot viennent dîner chez les Sénéchal. Surprise : le repas était prévu pour le lendemain. Thévenot invite tout le monde dans une auberge transformée en salle mortuaire. Nouvelle réception, le samedi, mais cette fois les Sénéchal sont occupés… Le dîner sera ainsi sans cesse repoussé pour des raisons tout aussi absurdes les unes que les autres.",Luis Buñuel,https://image.tmdb.org/t/p/w500/48EAleS3g4BIMV0vZ3CSIcZyx01.jpg,"[{'id': 4529, 'name': 'diplomat'}, {'id': 1566, 'name': 'dream'}, {'id': 3030, 'name': 'nightmare'}, {'id': 213, 'name': 'upper class'}, {'id': 248, 'name': 'date'}, {'id': 2149, 'name': 'drug trafficking'}, {'id': 5333, 'name': 'guest'}, {'id': 2637, 'name': 'bishop'}, {'id': 1946, 'name': 'restaurant'}, {'id': 3307, 'name': 'surreal'}, {'id': 4029, 'name': 'bourgeoisie'}, {'id': 8201, 'name': 'satire'}, {'id': 12997, 'name': 'dinner'}, {'id': 13015, 'name': 'terrorism'}, {'id': 33719, 'name': 'drink'}, {'id': 231173, 'name': 'dream within a dream'}, {'id': 232130, 'name': 'small talk'}, {'id': 236316, 'name': 'anarchic comedy'}, {'id': 309974, 'name': 'absurd'}, {'id': 316204, 'name': 'unexpected situation'}]",T7XNFYdQ8S8,https://www.youtube.com/watch?v=T7XNFYdQ8S8
1675,La Nuit américaine,"Comédie, Drame",111,1973-05-24,7.822,"Ferrand, célèbre metteur en scène, commence le tournage de son nouveau film, « Je vous présente Pamela », aux studios de la Victorine, à Nice. Il a rassemblé autour de lui Bertrand, son producteur, Alphonse, le jeune premier, Julie Baker, une actrice américaine dépressive accompagnée de son mari, le docteur Nelson, Séverine, qui noie les outrages de l'âge dans la boisson, Alexandre, un acteur quinquagénaire et, bien sûr, toute son équipe technique. Le tournage se révèle long et difficile, d'autant plus que tous ces personnages accumulent intrigues, passions et éclats, devant et derrière les caméras…",François Truffaut,https://image.tmdb.org/t/p/w500/vTT3I0KTP2N7OcEyWcHzwZ7CsxN.jpg,"[{'id': 725, 'name': 'lovesickness'}, {'id': 3973, 'name': 'insurance salesman'}, {'id': 886, 'name': 'movie business'}, {'id': 1861, 'name': 'nice'}, {'id': 33457, 'name': 'alcoholic'}, {'id': 34094, 'name': 'extramarital affair'}, {'id': 50244, 'name': 'making of'}, {'id': 235736, 'name': 'film director'}]",GmSpeM5Hj2A,https://www.youtube.com/watch?v=GmSpeM5Hj2A
5558,Le Fantôme de la liberté,Comédie,104,1974-09-10,7.5,"Tolède, 1808, lors de la prise de la ville par les troupes napoléoniennes, un capitaine de dragons français baise une statue de femme et reçoit un coup de poing d'une statue de chevalier. Un homme étrange dans un parc, remet à une petite fille des cartes postales pornographiques, les parents sont horrifiés par ces clichés alors qu'ils ne représentent en fait que des monuments célèbres de Paris… Une suite de scènes surréalistes et farfelues ponctuées par des scènes de répression qui dévergondent la rigidité morale de la société.",Luis Buñuel,https://image.tmdb.org/t/p/w500/znVw9sjkgMobBAZsyYrZNYbikxC.jpg,"[{'id': 90, 'name': 'paris, france'}, {'id': 3679, 'name': 'society'}, {'id': 345, 'name': 'monk'}, {'id': 33841, 'name': 'incest'}, {'id': 236316, 'name': 'anarchic comedy'}]",u5A3ZOkkYis,https://www.youtube.com/watch?v=u5A3ZOkkYis
3480,Le Vieux Fusil,"Drame, Histoire",102,1975-08-22,7.498,"L'action se déroule en 1944, à Montauban. Le chirurgien Julien Dandieu y mène une vie paisible avec sa femme, Clara, et leur fille Florence. Cependant, l'invasion allemande ne peut le laisser indifférent : préférant les savoir éloignées des tourments de cette guerre, Julien demande à son ami François de conduire Clara et Florence à la campagne, où cette famille possède un château, véritable forteresse médiévale qui surplombe un village. Une semaine plus tard, ne supportant plus l'absence des siens, Julien rejoint sa famille pour découvrir, avec effroi, que les Allemands ont déjà semé la terreur dans le village.",Robert Enrico,https://image.tmdb.org/t/p/w500/rtunUxTBLwjzZkMBp4E5uj0ix0B.jpg,"[{'id': 3737, 'name': 'dying and death'}, {'id': 570, 'name': 'rape'}, {'id': 1522, 'name': 'repayment'}, {'id': 1956, 'name': 'world war ii'}, {'id': 3098, 'name': 'castle'}, {'id': 4299, 'name': 'normandy, france'}, {'id': 9748, 'name': 'revenge'}, {'id': 184352, 'name': 'rape and revenge'}]",z8vVI4cHJYw,https://www.youtube.com/watch?v=z8vVI4cHJYw
58925,Mr Klein,"Mystère, Drame, Histoire, Thriller",123,1976-09-23,7.265,"Pendant l'occupation allemande à Paris, Robert Klein, un Alsacien qui rachète des œuvres d'art à bas prix, reçoit, réexpédié, à son nom, le journal Les Informations juives qui n'est délivré que sur abonnement. Il découvre bientôt qu'un homonyme juif utilise son nom, et décide alors de remonter la piste qui le mènera à cet inconnu.",Joseph Losey,https://image.tmdb.org/t/p/w500/7nrQxtiRjbJYnWpAhDsGieoaDfT.jpg,"[{'id': 90, 'name': 'paris, france'}, {'id': 1956, 'name': 'world war ii'}, {'id': 2433, 'name': 'jew persecution'}, {'id': 155795, 'name': 'art dealer'}, {'id': 161891, 'name': 'doppelgänger'}, {'id': 169590, 'name': 'police raid'}, {'id': 175107, 'name': 'nazi collaborationism'}, {'id': 189422, 'name': 'nazi occupation'}, {'id': 207883, 'name': '1940s'}]",EMq7B85H5D0,https://www.youtube.com/watch?v=EMq7B85H5D0
5781,Cet obscur objet du désir,"Comédie, Drame, Romance",103,1977-08-17,7.441,"Lors d'un voyage en train, Mathieu Faber raconte aux passagers de son compartiment ses amours avec Conchita, femme radieuse qu'il poursuit de son obsession à travers l'Europe. Mais elle se dérobe toujours à ses avances...",Luis Buñuel,https://image.tmdb.org/t/p/w500/k098PiL04JfOe4RCTrrmiaEjpBD.jpg,"[{'id': 90, 'name': 'paris, france'}, {'id': 258, 'name': 'bomb'}, {'id': 970, 'name': 'parent child relationship'}, {'id': 2281, 'name': 'mistake in person'}, {'id': 7513, 'name': 'bucket'}, {'id': 7515, 'name': 'lausanne, switzerland'}, {'id': 9673, 'name': 'love'}, {'id': 13008, 'name': 'train'}, {'id': 13097, 'name': 'maid'}, {'id': 33740, 'name': 'humiliation'}, {'id': 206887, 'name': 'seville, spain'}]",3-6OUqQk-SM,https://www.youtube.com/watch?v=3-6OUqQk-SM
93669,Les Rendez-vous d'Anna,Drame,128,1978-10-08,7.1,"Une cinéaste, Anna, parcourt l'Europe pour présenter son film. Une inquiétude la tenaille : elle est sans nouvelle de son amie de cœur. À Essen, en Allemagne, elle fait la connaissance du professeur Heinrich qui lui confie son désarroi. Enfant, il a perdu son père à Stalingrad. Aujourd'hui, sa femme vient de le quitter. Anna poursuit son voyage. Elle croise une vieille connaissance dans une gare, puis, dans le train, elle s'intéresse à un inconnu, un nomade en quête d'un refuge…",Chantal Akerman,https://image.tmdb.org/t/p/w500/xclvfpbNAgPUTDq5qb3xLI9OjC3.jpg,"[{'id': 823, 'name': 'cologne, germany'}, {'id': 187056, 'name': 'woman director'}]",WJu-cX26Kqs,https://www.youtube.com/watch?v=WJu-cX26Kqs
33701,Les Bronzés font du ski,Comédie,83,1979-11-22,7.342,"Après le Club Méditerranée, la joyeuse troupe d’amis (plus connue sous le nom des Bronzés) se retrouvent aux sports d’hiver. Ils vivront encore d’autres problèmes sentimentaux et mésaventures. L’équipe ira même se perdre en montagne.",Patrice Leconte,https://image.tmdb.org/t/p/w500/uTN0bp8yMUKesNTLXR1GnL2kLFs.jpg,"[{'id': 9663, 'name': 'sequel'}, {'id': 160175, 'name': 'alps mountains'}, {'id': 162328, 'name': 'ski resort'}, {'id': 209282, 'name': 'french alps'}, {'id': 248915, 'name': 'skiing'}]",V78mXCLIBy8,https://www.youtube.com/watch?v=V78mXCLIBy8
345130,Les trois inventeurs,Animation,13,1980-06-06,7.8,"Dans un monde de dentelle blanche, un grand inventeur, une grande inventrice et une petite inventrice inventent de belles machines utiles. Mais les gens ne comprennent pas et n’aiment pas qu’on ne se tienne pas comme eux…",Michel Ocelot,https://image.tmdb.org/t/p/w500/8re1G07mTxG8REcRmVG5whon0UB.jpg,"[{'id': 1436, 'name': 'inventor'}, {'id': 3010, 'name': 'intolerance'}, {'id': 214793, 'name': 'cutout animation'}, {'id': 263548, 'name': 'short film'}]",VeBDbAaLu1w,https://www.youtube.com/watch?v=VeBDbAaLu1w
21484,Possession,Horreur,122,1981-05-27,7.3,"Rentrant d'un long voyage, Mark retrouve à Berlin sa femme Anna et son fils, Bob. Mais rapidement, il se rend compte que le comportement de sa femme a changé. Prise de violentes crises, elle quitte le domicile. L'amie du couple, Annie, révèle à Mark le nom de l'amant d'Anna, Heinrich. Lorsqu'elle disparaît, Mark engage un détective qui découvre bientôt qu'Anna s'est réfugiée dans une étrange demeure où semble se cacher une créature surgie des ténèbres.",Andrzej Żuławski,https://image.tmdb.org/t/p/w500/yAVfhwRyFm7i0zuMe1lxvXwwwvU.jpg,"[{'id': 596, 'name': 'adultery'}, {'id': 220, 'name': 'berlin, germany'}, {'id': 1299, 'name': 'monster'}, {'id': 6149, 'name': 'police'}, {'id': 5809, 'name': 'marriage crisis'}, {'id': 74, 'name': 'germany'}, {'id': 292, 'name': 'berlin wall'}, {'id': 1523, 'name': 'obsession'}, {'id': 5340, 'name': 'investigation'}, {'id': 10292, 'name': 'gore'}, {'id': 5083, 'name': 'hysteria'}, {'id': 10508, 'name': 'teacher'}, {'id': 9826, 'name': 'murder'}, {'id': 10303, 'name': 'domestic abuse'}, {'id': 10714, 'name': 'serial killer'}, {'id': 11925, 'name': 'domestic violence'}, {'id': 14735, 'name': 'motorcycle'}, {'id': 17986, 'name': 'miscarriage'}, {'id': 18013, 'name': 'separation'}, {'id': 34094, 'name': 'extramarital affair'}, {'id': 41329, 'name': 'mental illness'}, {'id': 155790, 'name': 'private detective'}, {'id': 155811, 'name': 'spiral staircase'}, {'id': 161891, 'name': 'doppelgänger'}, {'id': 163129, 'name': 'dual role'}, {'id': 171848, 'name': 'marital separation'}, {'id': 189921, 'name': 'video nasty'}, {'id': 191815, 'name': 'breakdown'}, {'id': 237105, 'name': 'downward spiral'}, {'id': 312949, 'name': 'impending divorce'}]",ZU4B6t2Nnok,https://www.youtube.com/watch?v=ZU4B6t2Nnok
14645,Le père Noël est une ordure,Comédie,90,1982-08-25,7.357,"Félix représente mal le père Noël : il est sale, brutal, vulgaire et il boit. Fatalement, son amie Josette le quitte. Elle trouve refuge à la permanence de SOS détresse tenue par ces 2 coincés que sont Pierre et Thérèse. S'y croisent également un homosexuel dépressif, Mme Musquin, un émigré voisin et un pauvre réparateur d'ascenseur…",Jean-Marie Poiré,https://image.tmdb.org/t/p/w500/nRF8uVwJNum9x6P66mrgJNAksaJ.jpg,"[{'id': 236, 'name': 'suicide'}, {'id': 640, 'name': 'transvestite'}, {'id': 5320, 'name': 'cake'}, {'id': 3725, 'name': 'pregnancy'}, {'id': 1983, 'name': 'pharmacist'}, {'id': 4553, 'name': 'black humor'}, {'id': 157344, 'name': 'phone'}, {'id': 173316, 'name': 'trapped in an elevator'}, {'id': 207317, 'name': 'christmas'}, {'id': 248709, 'name': 'marginal'}]",cm8Bk3TbSnQ,https://www.youtube.com/watch?v=cm8Bk3TbSnQ
10293,Pauline à la plage,"Drame, Romance, Comédie",90,1983-03-23,7.002,"Après son divorce, Marion décide de terminer l'été sur la côte normande, en compagnie de sa cousine Pauline. Les deux jeunes femmes vont vivre des histoires d'amour inattendues…",Éric Rohmer,https://image.tmdb.org/t/p/w500/etELlm7GUQDOwT42SKAuzWs0TZl.jpg,"[{'id': 658, 'name': 'sea'}, {'id': 966, 'name': 'beach'}, {'id': 931, 'name': 'jealousy'}, {'id': 2038, 'name': ""love of one's life""}, {'id': 65, 'name': 'holiday'}, {'id': 1486, 'name': 'flirt'}, {'id': 5490, 'name': 'girlfriend'}, {'id': 9094, 'name': 'womanizer'}, {'id': 15160, 'name': 'divorce'}, {'id': 33386, 'name': 'old flame'}, {'id': 166113, 'name': 'marriage problems'}]",iCjGE43l_2E,https://www.youtube.com/watch?v=iCjGE43l_2E
72664,Les Morfalous,"Guerre, Comédie",106,1984-03-28,5.9,"En Afrique du Nord, pendant la Seconde Guerre mondiale, un détachement de la Légion Étrangère est chargé de convoyer 6 milliards en lingots d'or, entreposés à la banque d'Elksour. Pris dans une embuscade allemande, le bataillon est décimé. Parmi les survivants, le sergent Augagneur, aidé d'un artilleur, Béral, s'empare du seul canon restant et bombarde la base allemande.",Henri Verneuil,https://image.tmdb.org/t/p/w500/nnPG3mVl8iE6J1RgXZPo7G8LBOa.jpg,[],ASULPU5RasQ,https://www.youtube.com/watch?v=ASULPU5RasQ
4898,Poulet au vinaigre,"Crime, Mystère, Thriller",109,1985-04-10,6.173,"Dans une petite ville de province tiède et paisible, les passions couvent. La tyrannique madame Cuno, impotente, refuse de vendre sa maison à trois notables impatients, bloquant ainsi leur mirifique projet immobilier. Son fils, Louis, est au courant de bien des secrets, en sa qualité de facteur indélicat qui n'hésite pas à décacheter les lettres qui lui sont confiées. Aussi décide-t-il de répondre aux pressions incessantes des promoteurs en exploitant les travers des uns et des autres. Une nuit, il verse du sucre dans le réservoir de la voiture de l'un d'eux, Filiol. Le lendemain, celui-ci meurt dans un accident de la circulation. L'inspecteur Lavardin est dépêché sur les lieux...",Claude Chabrol,https://image.tmdb.org/t/p/w500/vtzU2jMhHlxSOyIQgsPbUqUIS1Q.jpg,"[{'id': 2918, 'name': 'estate agent'}, {'id': 417, 'name': 'corruption'}, {'id': 2065, 'name': 'province'}, {'id': 5439, 'name': 'inspector'}]",vflwnZUheTE,https://www.youtube.com/watch?v=vflwnZUheTE
220474,Deux enfoirés à Saint-Tropez,Comédie,87,1986-03-11,2.5,"Le film débute par la sortie de prison de Paul, condamné à quatre mois de prison à la place de son ami Julius. Afin de changer les idées de Paul, Julius décide de l'emmener à Saint-Tropez. Les deux jeunes hommes ""empruntent"" au passage une voiture et font sur le trajet la connaissance d'une charmante auto-stoppeuse, Évelyne, dont Julius ne tarde pas à tomber amoureux. Pour Paul, l'amour resurgit sous la forme de son ancienne compagne Milka, aux bras d'un marchand d'art quelque peu désagréable dénommé Saedi. C'est alors qu'on propose à Paul et à Julius de subtiliser deux statuettes pré-colombiennes appartenant à Saedi, qui s'avère en fait être un escroc. Mais le larcin ne se déroulera pas forcément comme prévu par nos deux compères.",Max Pécas,https://image.tmdb.org/t/p/w500/jgFETFMrBZI61CpPQePnN0voUwc.jpg,[],e_Fq3ocj2CI,https://www.youtube.com/watch?v=e_Fq3ocj2CI
64419,Le Miraculé,Comédie,88,1987-02-18,5.3,"Papu, simule une paralysie, à la suite d'un accident, pour toucher l'assurance. Pour appuyer ses dires, il se rend à Lourdes pour une pseudo-guérison. L'assureur Fox-Terrier, qui a flairé la supercherie, va tenter de le démasquer.",Jean-Pierre Mocky,https://image.tmdb.org/t/p/w500/1hlE9LoNM4RTEYnxYVdB2cYoLq1.jpg,[],OTfdz13M13A,https://www.youtube.com/watch?v=OTfdz13M13A
39422,À gauche en sortant de l’ascenseur,Comédie,83,1988-08-31,6.2,Yan qui attend un rendez-vous galant se trouve embarrassé par sa voisine qui a claqué la porte de chez elle alors qu'elle était sur le paillasson en petite tenue.,Édouard Molinaro,https://image.tmdb.org/t/p/w500/f545ywREytB7X4NtksT6w7p0zvJ.jpg,[],WugTHVVVqsE,https://www.youtube.com/watch?v=WugTHVVVqsE
267100,Peaux de vaches,Drame,87,1989-05-31,5.9,"Ivres, les frères Roland et Gérard Malard mettent le feu à la ferme du second, provoquant la mort d'un vagabond. Dix ans plus tard, Roland revient chez Gérard, bouleversant sa nouvelle vie...",Patricia Mazuy,https://image.tmdb.org/t/p/w500/9o8aTWc4dJaVzLJrLFy9dqt56pY.jpg,"[{'id': 187056, 'name': 'woman director'}]",yT8aIFsn0Yw,https://www.youtube.com/watch?v=yT8aIFsn0Yw
9322,Nikita,"Action, Thriller",117,1990-02-21,7.102,"Le braquage d'une pharmacie par une bande de junkies en manque de drogue tourne mal : une fusillade cause la mort de plusieurs personnes dont un policier, abattu par la jeune Nikita. Condamnée à la prison à perpétuité, celle-ci fait bientôt la rencontre de Bob, un homme mystérieux qui contraint la jeune femme à travailler secrètement pour le gouvernement. Après quelques rébellions lors d'un entraînement intensif de plusieurs années, Nikita devient un agent hautement qualifié des services secrets, capable désormais selon Bob d'évoluer seule à l'extérieur. Celui-ci espère d'ailleurs s'en assurer lors d'une terrible mise à l'épreuve au cours de laquelle Nikita doit éliminer un pilier de la mafia asiatique au beau milieu d'un restaurant bondé...",Luc Besson,https://image.tmdb.org/t/p/w500/aTixIZ88tmLKisojz5ISZaTPtIr.jpg,"[{'id': 4654, 'name': 'undercover agent'}, {'id': 110, 'name': 'venice, italy'}, {'id': 1366, 'name': 'shotgun'}, {'id': 1308, 'name': 'secret identity'}, {'id': 5422, 'name': 'special unit'}, {'id': 9840, 'name': 'romance'}, {'id': 9679, 'name': 'secret government organization'}, {'id': 12366, 'name': 'hitwoman'}, {'id': 12367, 'name': 'female assassin'}, {'id': 41336, 'name': 'government assassin'}]",CJaJEyuMozo,https://www.youtube.com/watch?v=ZmHyOhOV_ng
41789,Jacquot de Nantes,Drame,118,1991-05-15,7.457,"Il était une fois un garçon, élevé dans un garage où tout le monde aimait chanter. C'était en 1939, il avait 8 ans, il aimait les marionnettes et les opérettes. Puis il a voulu faire du cinéma mais son père lui a fait étudier la mécanique. C'est de Jacques Demy qu'il s'agit et de ses souvenirs. C'est une enfance heureuse qui nous est contée, malgré les évènements de la guerre et de l'après-guerre.",Agnès Varda,https://image.tmdb.org/t/p/w500/9tDtcp5Lax3xGWpsGga3bBodAmu.jpg,"[{'id': 5565, 'name': 'biography'}, {'id': 33490, 'name': 'filmmaking'}, {'id': 187056, 'name': 'woman director'}, {'id': 191694, 'name': 'nantes'}, {'id': 207883, 'name': '1940s'}, {'id': 214548, 'name': '1930s'}, {'id': 220664, 'name': 'memoir'}, {'id': 221285, 'name': 'occupied france'}, {'id': 241982, 'name': 'children in wartime'}]",CrhUTCfGmb0,https://www.youtube.com/watch?v=CrhUTCfGmb0
28212,La Vie de Bohème,"Drame, Comédie, Romance",102,1992-02-27,7.512,Adaptation contemporaine du celebre roman de Murger qui evoque les grandeurs et les miseres de la vie de boheme.,Aki Kaurismäki,https://image.tmdb.org/t/p/w500/hFX3wJwzWK3oytvJkw4fyC6VKx6.jpg,"[{'id': 6054, 'name': 'friendship'}, {'id': 960, 'name': 'homeless person'}, {'id': 90, 'name': 'paris, france'}, {'id': 1233, 'name': 'composer'}, {'id': 437, 'name': 'painter'}, {'id': 10965, 'name': 'playwright'}, {'id': 164754, 'name': 'bohemian'}, {'id': 165177, 'name': 'eviction'}, {'id': 181328, 'name': 'struggling artist'}, {'id': 217957, 'name': 'penniless'}, {'id': 239075, 'name': 'struggling playwright'}, {'id': 239442, 'name': 'bohemians'}, {'id': 249294, 'name': 'struggling life'}]",PpnMd2BGTxo,https://www.youtube.com/watch?v=PpnMd2BGTxo
16130,La Classe américaine,"Comédie, Téléfilm",72,1993-12-31,7.683,"George Abitbol, l'homme le plus classe du monde, meurt tragiquement lors d'une croisière. Dans un dernier souffle, il murmure : « Monde de merde ». Pourquoi ? Ces mots intriguent le rédacteur en chef d'un quotidien américain. Il dépêche ses trois meilleurs enquêteurs, Dave, Peter et Steven, pour éclaircir ce mystère.","Dominique Mézerette, Michel Hazanavicius",https://image.tmdb.org/t/p/w500/iQKZwYLsaJIATKeS5t4yVoKzMxV.jpg,"[{'id': 9755, 'name': 'parody'}, {'id': 179418, 'name': 'hollywood star'}, {'id': 211197, 'name': 'mysterious death'}, {'id': 224230, 'name': 'collage film'}]",CJaJEyuMozo,https://www.youtube.com/watch?v=CJaJEyuMozo
10452,La Reine Margot,"Drame, Histoire, Romance",158,1994-05-13,7.199,"Paris, Royaume de France, 18 août 1572. Pour éviter le déclenchement d'une guerre de religion, la princesse catholique Marguerite de Valois, sœur du faible roi Charles IX, épouse le roi huguenot Henri III de Navarre.",Patrice Chéreau,https://image.tmdb.org/t/p/w500/quV34Zj3ZUjnoterRyy2T94UX9I.jpg,"[{'id': 90, 'name': 'paris, france'}, {'id': 818, 'name': 'based on novel or book'}, {'id': 3686, 'name': 'marriage of convenience'}, {'id': 9920, 'name': 'royalty'}, {'id': 10410, 'name': 'conspiracy'}, {'id': 191599, 'name': 'palace intrigue'}, {'id': 208244, 'name': '16th century'}, {'id': 220890, 'name': 'religious persecution'}, {'id': 244367, 'name': ""st. bartholomew's day massacre""}, {'id': 258300, 'name': 'french history'}]",EzUx_f5wkbQ,https://www.youtube.com/watch?v=EzUx_f5wkbQ
406,La Haine,Drame,98,1995-05-31,8.092,Trois copains d'une banlieue ordinaire traînent leur ennui et leur jeunesse qui se perd. Ils vont vivre la journée la plus importante de leur vie après une nuit d'émeutes provoquée par le passage à tabac d'Abdel Ichah par un inspecteur de police lors d'un interrogatoire.,Mathieu Kassovitz,https://image.tmdb.org/t/p/w500/gfdhSzPyAWtAizqs4ytc0MwOlQg.jpg,"[{'id': 376, 'name': 'neo-nazism'}, {'id': 796, 'name': 'police brutality'}, {'id': 898, 'name': 'hip-hop'}, {'id': 90, 'name': 'paris, france'}, {'id': 1952, 'name': 'socially deprived family'}, {'id': 1974, 'name': 'breakdance'}, {'id': 2394, 'name': 'ghetto'}, {'id': 3230, 'name': 'male friendship'}, {'id': 12425, 'name': 'racism'}, {'id': 160910, 'name': 'xenophobia'}, {'id': 197702, 'name': 'day in a life'}, {'id': 248022, 'name': 'paris suburb'}, {'id': 315053, 'name': 'critical'}, {'id': 325788, 'name': 'conceited'}]",oC2UENY7qsc,https://www.youtube.com/watch?v=oC2UENY7qsc
38523,Ponette,Drame,97,1996-09-25,7.582,"Ponette a 4 ans lorsque sa mère meurt accidentellement. Confiée à sa tante, la fillette ne supporte pas cette disparition. Elle continue obstinément de s'adresser à elle, convaincue qu'elle reviendra un jour.",Jacques Doillon,https://image.tmdb.org/t/p/w500/1YsmfwozrPMKOwf7krx9XnY4ige.jpg,"[{'id': 6271, 'name': 'boarding school'}, {'id': 9928, 'name': 'bereavement'}, {'id': 208349, 'name': 'child'}]",sgXbG12kJXI,https://www.youtube.com/watch?v=sgXbG12kJXI
48347,La vieille dame et les pigeons,"Animation, Comédie",24,1997-05-27,7.5,"Dans le Paris des années 50, un gardien de la paix affamé rencontre dans un jardin public une vieille dame gâteuse dont le passe-temps favori consiste à offrir de fastueux repas aux pigeons du quartier.
 Désormais, sous le képi de l'agent, la chose est claire : en devenant pigeon lui-même, il pourra se remplir la panse aux frais de la naïve petite dame.
 Naïve ?",Sylvain Chomet,https://image.tmdb.org/t/p/w500/bh3xjLeLTSxtgoMkyGwE62tg1Ty.jpg,"[{'id': 156151, 'name': 'pigeon'}, {'id': 263548, 'name': 'short film'}]",Bu3gBeFTp3g,https://www.youtube.com/watch?v=Bu3gBeFTp3g
21348,Kirikou et la sorcière,"Fantastique, Aventure, Animation, Familial",70,1998-12-09,7.32,"La sorcière Karaba a jeté un terrible sort sur le village : la source est asséchée, les villageois rançonnés, les hommes disparaissent mystérieusement. Mais le minuscule Kirikou, sitôt sorti du ventre de sa mère, veut délivrer le village et découvrir le secret de sa méchanceté.",Michel Ocelot,https://image.tmdb.org/t/p/w500/3fawMZ623Gxju8iJf5vsMJWazut.jpg,"[{'id': 193749, 'name': 'folk'}, {'id': 196964, 'name': 'power of goodness'}, {'id': 220940, 'name': 'folktale'}, {'id': 273251, 'name': 'bad witch'}, {'id': 273252, 'name': 'cultures of west africa'}, {'id': 273257, 'name': 'african tale'}, {'id': 317819, 'name': 'french'}]",-6jw9S5Ym10,https://www.youtube.com/watch?v=-6jw9S5Ym10
11489,Rosetta,Drame,94,1999-09-29,7.241,"Rosetta mène tous les jours une guerre sans relâche. Une guerre pour trouver du travail, une place qu'elle perd, qu'elle retrouve, qu'on lui prend, qu'elle reprend, obsédée par la peur de disparaître, par la honte d'être une déplacée. Elle voudrait une vie « normale » comme eux, parmi eux.","Luc Dardenne, Jean-Pierre Dardenne",https://image.tmdb.org/t/p/w500/zdWX3mNm9rzEU9f363y0NPehFrS.jpg,"[{'id': 570, 'name': 'rape'}, {'id': 900, 'name': 'trailer park'}, {'id': 1495, 'name': 'fishing'}, {'id': 1952, 'name': 'socially deprived family'}, {'id': 1690, 'name': 'belgium'}, {'id': 12987, 'name': 'poverty'}, {'id': 15215, 'name': 'waffle'}, {'id': 15354, 'name': 'struggle for survival'}, {'id': 33457, 'name': 'alcoholic'}, {'id': 156052, 'name': 'unemployment'}, {'id': 185974, 'name': 'substance abuse'}, {'id': 190823, 'name': 'social realism'}, {'id': 211657, 'name': 'caravan park'}, {'id': 215481, 'name': 'food vendor'}, {'id': 229165, 'name': 'alcoholic mother'}, {'id': 240315, 'name': 'mother daughter relationship'}, {'id': 257681, 'name': 'betrayal of trust'}]",c-_5WIuh2uw,https://www.youtube.com/watch?v=c-_5WIuh2uw
60670,Les Rivières pourpres,"Crime, Mystère, Thriller",105,2000-09-27,6.926,"Le même jour, à trois cent kilomètres de distance, deux flics se voient confier deux affaires singulières. Le commissaire Pierre Niémans, homme d'expérience et ex-gloire de l'anti-gang, possède un instinct sans faille mais cache de douloureuses angoisses. Il se rend à Guernon, une ville universitaire des Alpes, sur les lieux d'un meurtre avec mutilation. Max Kerkérian, ex-voleur de voitures vif et solitaire, a intégré les rangs de la police par amour de la nuit et du danger. Il enquête à Sarzac sur la profanation d'une tombe, celle d'une enfant disparue en 1982.Bientôt, les deux enquêtes se rejoignent et les meurtres se multiplient. La vérité dépassera l'imagination des deux policiers et les emmènera en haute altitude, aux portes de la mort et de la glace.",Mathieu Kassovitz,https://image.tmdb.org/t/p/w500/l9SQFzGWvTuP3WszpY8HeDYoNqd.jpg,"[{'id': 379, 'name': 'skinhead'}, {'id': 818, 'name': 'based on novel or book'}, {'id': 745, 'name': 'nun'}, {'id': 4720, 'name': 'ritual'}, {'id': 703, 'name': 'detective'}, {'id': 5331, 'name': 'village'}, {'id': 1262, 'name': 'mountain'}, {'id': 5340, 'name': 'investigation'}, {'id': 11494, 'name': 'drug use'}, {'id': 9826, 'name': 'murder'}, {'id': 10714, 'name': 'serial killer'}, {'id': 13092, 'name': 'corpse'}, {'id': 15001, 'name': 'demon'}, {'id': 33699, 'name': 'policeman'}, {'id': 166512, 'name': 'graveyard'}]",oJa5ju1t-8A,https://www.youtube.com/watch?v=oJa5ju1t-8A
6935,Yamakasi,"Action, Crime, Drame",90,2001-04-04,6.014,"Une bande de jeunes athlètes banlieusards a créé sa propre discipline: l'art du déplacement. Ils bravent tous les dangers, escaladent les immeubles, effectuent des sauts vertigineux. Chaque membre a sa spécialité: Baseball est lanceur d'élite, L'Araignée se prend pour Spiderman, La Belette est une véritable anguille, Zicmu est un fou de musique, Rocket est plus rapide que l'éclair. Ils sont adoubés nouveaux modèles pour les plus jeunes et se livrent au jeu du chat et de la souris avec les autorités locales. Mais un accident survient: le petit Djamel tombe. Les Yamakasi vont devoir face à leurs responsabilités pour trouver l'argent nécessaire à son opération.","Ariel Zeitoun, Julien Seri",https://image.tmdb.org/t/p/w500/YRsXykyaXm3ABsfdfzxV59c17K.jpg,"[{'id': 542, 'name': 'street gang'}, {'id': 254, 'name': 'france'}, {'id': 90, 'name': 'paris, france'}, {'id': 6149, 'name': 'police'}, {'id': 2405, 'name': 'roof'}, {'id': 2394, 'name': 'ghetto'}, {'id': 6955, 'name': 'parkour'}, {'id': 9727, 'name': 'thief'}]",rN0GpdaUEXg,https://www.youtube.com/watch?v=rN0GpdaUEXg
18419,3 zéros,Comédie,97,2002-04-24,4.7,"A Fleury-Mérogis, un match de foot a lieu dans la cour de prison. Tibor Kovacs, un jeune Hongrois, fait des prodiges avec le ballon. Véritable virtuose du football, il rêve de jouer en équipe de France. Pour Manu, son compagnon de cellule, Tibor est un cadeau du ciel.  A la veille de leur sortie de prison, les deux compères décident d'unir leurs destins : Tibor deviendra le plus grand joueur du monde, et Manu son agent. Ce dernier se rend alors à Copacabana pour convaincre ""Monsieur"" Alain Colonna, une ancienne légende du football international en retraite anticipée au Brésil, de reprendre du service.",Fabien Onteniente,https://image.tmdb.org/t/p/w500/qjDheLQWks2xXpZz0eLsBHafIfM.jpg,"[{'id': 13042, 'name': 'football (soccer)'}]",l8RNHLy41hc,https://www.youtube.com/watch?v=l8RNHLy41hc
60025,"Moi César, 10 ans ½, 1m39",Comédie,91,2003-04-09,5.526,"Dix ans et demi, 1m39, les parents, les disputes, les amis, le premier amour, la rivalité, l'école, l'autorité, ces quelques kilos en trop... Autant de choses qui font le petit monde de César. Timide, il parle peu mais pense énormément. Et forcément, comme ses parents ne prennent pas le temps de lui raconter la réalité, il l'imagine...",Richard Berry,https://image.tmdb.org/t/p/w500/mEMSJSet752wIVM75u5BewGsTy8.jpg,[],w4LEb_SLpQA,https://www.youtube.com/watch?v=w4LEb_SLpQA
21778,RRRrrrr!!!,Comédie,98,2004-01-28,6.332,"Il y a 37 000 ans, deux tribus voisines vivaient en paix… à un cheveu près. Pendant que la tribu des Cheveux Propres coulait des jours paisibles en gardant pour elle seule le secret de la formule du shampooing, la tribu des Cheveux Sales se lamentait. Son chef décida d’envoyer un espion pour voler la recette. Mais un événement bien plus grave allait bouleverser la vie des Cheveux Propres : pour la première fois dans l’histoire de l’humanité, un crime venait d’être commis. Comment découvrir son auteur ? Au temps des mammouths et des moumoutes commence la première enquête policière de l’Histoire.",Alain Chabat,https://image.tmdb.org/t/p/w500/qsGU6myn85MfqpNAxzJtxJ3VgrM.jpg,"[{'id': 9755, 'name': 'parody'}, {'id': 242244, 'name': 'caveman'}]",y_UKPVezalU,https://www.youtube.com/watch?v=y_UKPVezalU
1667,La Marche de l'empereur,"Documentaire, Familial",84,2005-01-26,7.051,"L'histoire des manchots empereurs et de leur cycle de reproduction est unique au monde. Elle mêle amour, drame, courage et aventure au cœur de l'Antarctique, région la plus isolée et inhospitalière de la planète. Un scénario offert par la nature, qui se perpétue depuis des millénaires et que les hommes n'ont découvert qu'au début du XXème siècle. La Marche de l'empereur raconte cette histoire extraordinaire...",Luc Jacquet,https://image.tmdb.org/t/p/w500/7DuALkXeR3CK7xYVnvUAt8dOvWT.jpg,"[{'id': 970, 'name': 'parent child relationship'}, {'id': 3028, 'name': 'penguin'}, {'id': 4260, 'name': 'brood'}, {'id': 4970, 'name': 'autonomy'}, {'id': 10349, 'name': 'survival'}, {'id': 9902, 'name': 'wildlife'}, {'id': 10794, 'name': 'snow'}, {'id': 14728, 'name': 'antarctica'}, {'id': 221355, 'name': 'nature documentary'}]",ptVk8zE0ucc,https://www.youtube.com/watch?v=ptVk8zE0ucc
21435,Les Bronzés 3 : Amis pour la vie,Comédie,97,2006-02-01,4.072,"En 1978, Popeye, Gigi, Jérôme, Bernard, Nathalie et Jean-Claude faisaient connaissance en Côte d'Ivoire dans un club de vacances. Amours, coquillages et crustacés.  Un an plus tard, retrouvailles du groupe d'amis à Val d'Isère. Tire-fesses, fartage et pistes verglacées.  Après le Club Med et le ski, ils n'ont cessé de se voir, de se perdre de vue, de se retrouver, de se reperdre, de se revoir pour des semaines de vacances volées à une vie civile assommante. Depuis quelques années, ils se retrouvent chaque été, pour une semaine, au Prunus Resort, hôtel de luxe et de bord de mer, dont Popeye s'occupe plus ou moins bien en tant que gérant, et qui appartient à sa femme, Graziella Lespinasse, héritière d'une des plus grosses fortunes italiennes.  Que sont devenus les Bronzés 27 ans après ? Réponse hâtive : les mêmes, en pire.",Patrice Leconte,https://image.tmdb.org/t/p/w500/9g7z9WG6MS3Q8cYfxTTBC4Ckm9A.jpg,"[{'id': 65, 'name': 'holiday'}, {'id': 3466, 'name': 'sardinia, italy'}, {'id': 9663, 'name': 'sequel'}, {'id': 9824, 'name': 'reunion'}, {'id': 182100, 'name': 'luxury hotel'}]",qjpWftmz5LY,https://www.youtube.com/watch?v=qjpWftmz5LY
8827,99 Francs,"Drame, Comédie",99,2007-09-26,6.628,"Octave est le maître du monde : il exerce la profession de rédacteur publicitaire. Il décide aujourd'hui ce que vous allez vouloir demain. Pour lui, ""l'homme est un produit comme les autres"". Octave travaille pour la plus grosse agence de pub du monde : Ross & Witchcraft, surnommée ""La Ross"". Il est couvert d'argent, de filles et de cocaïne. Pourtant, il doute. Deux événements vont bouleverser le cours de la vie d'Octave. Son histoire d'amour avec Sophie, la plus belle employée de l'agence, et une réunion chez Madone pour vendre un film de pub à ce géant du produit laitier. Le doué Octave déjante alors et décide de se rebeller contre le système qui l'a créé, en sabotant sa plus grande campagne. De Paris, où négocient les patrons d'agences, à Miami, où l'on tourne un spot sous antidépresseurs, de Saint-Germain-des-Prés à une île perdue d'Amérique Centrale, Octave parviendra-t-il à échapper à sa prison dorée ?",Jan Kounen,https://image.tmdb.org/t/p/w500/otIMYneD1RvpeS8t30rcW1rHxwh.jpg,"[{'id': 726, 'name': 'drug abuse'}, {'id': 90, 'name': 'paris, france'}, {'id': 818, 'name': 'based on novel or book'}, {'id': 14522, 'name': 'co-workers relationship'}, {'id': 168750, 'name': 'advertising executive'}, {'id': 186507, 'name': 'advertising agency'}, {'id': 256413, 'name': 'advertising campaign'}]",gxz8vSh6wu8,https://www.youtube.com/watch?v=gxz8vSh6wu8
8265,Bienvenue chez les Ch'tis,"Comédie, Drame, Romance",107,2008-02-20,6.7,"Philippe Abrams est directeur de la poste de Salon‐de‐Provence. Il est marié à Julie, dont le caractère dépressif lui rend la vie impossible. Pour lui faire plaisir, Philippe fraude afin d’obtenir une mutation sur la Côte d’Azur. Mais il est démasqué: il sera muté à Bergues, petite ville du Nord. Pour les Abrams, sudistes pleins de préjugés, le Nord c’est l’horreur, une région glacée, peuplée d’êtres rustres, éructant un langage incompréhensible, le «cheutimi». Philippe ira seul. À sa grande surprise, il découvre un endroit charmant, une équipe chaleureuse, des gens accueillants, et se fait un ami: Antoine, le facteur et le carillonneur du village, à la mère possessive et aux amours contrariées. Quand Philippe revient à Salon, Julie refuse de croire qu’il se plait dans le Nord. Elle pense même qu’il lui ment pour la ménager. Pour la satisfaire et se simplifier la vie, Philippe lui fait croire qu’en effet, il vit un enfer à Bergues.",Dany Boon,https://image.tmdb.org/t/p/w500/dfht1lGq2ALbrRkMj35dUrj5kHG.jpg,"[{'id': 931, 'name': 'jealousy'}, {'id': 389, 'name': 'clock tower'}, {'id': 1649, 'name': 'provence'}, {'id': 2335, 'name': 'southern france'}, {'id': 2251, 'name': 'lie'}, {'id': 4461, 'name': 'postman'}, {'id': 5893, 'name': ""mama's boy""}, {'id': 6324, 'name': 'bias'}, {'id': 9645, 'name': 'local speciality'}, {'id': 3805, 'name': 'relocation'}, {'id': 10360, 'name': 'prejudice'}, {'id': 10428, 'name': 'cultural difference'}, {'id': 13117, 'name': 'job transfer'}, {'id': 34014, 'name': 'northern france'}, {'id': 170585, 'name': 'bell tower'}, {'id': 173066, 'name': 'postal worker'}, {'id': 196947, 'name': 'hospitality'}, {'id': 196953, 'name': 'community spirit'}, {'id': 206150, 'name': 'dialect'}, {'id': 210455, 'name': 'small community'}, {'id': 212785, 'name': 'wine drinking'}, {'id': 215257, 'name': 'unhappy marriage'}, {'id': 254097, 'name': 'social prejudices'}, {'id': 283558, 'name': 'accents'}, {'id': 285895, 'name': 'disability fraud'}]",UN6C_fzfqZQ,https://www.youtube.com/watch?v=UN6C_fzfqZQ
21861,LOL (Laughing Out Loud),Comédie,107,2009-02-04,6.533,"LOL ? Ça veut dire Laughing Out Loud - mort de rire - en langage MSN. C'est aussi comme ça que les amis de Lola l'appellent. Pourtant, le jour de sa rentrée, Lola n'a pas le cœur à rire. Arthur, son copain, la provoque en lui disant qu'il l'a trompée pendant l'été. Et sa bande de potes a le don pour tout compliquer. Tout comme sa mère, Anne, avec qui le dialogue est devenu impossible, et pas seulement parce qu'elle ignore ce que LOL signifie. Que ses parents aient divorcé est une chose. Qu'Anne traite son ado comme une enfant en lui mentant sur l'essentiel, par exemple sur le fait qu'elle revoit son ex en cachette ou qu'elle se fait draguer par un flic, en est une autre. De son côté, Anne se demande ce qui a bien pu arriver à sa douce petite fille. De la fusion à la confusion, les relations mères-filles bouillonnent d'amour et de LOL.",Lisa Azuelos,https://image.tmdb.org/t/p/w500/cqAlMlnCh2pTaM7us9bO2WlODEY.jpg,"[{'id': 6270, 'name': 'high school'}, {'id': 90, 'name': 'paris, france'}, {'id': 187056, 'name': 'woman director'}, {'id': 296608, 'name': 'teenager'}]",LyR5G7FG8sg,https://www.youtube.com/watch?v=LyR5G7FG8sg
41411,La Rafle,"Drame, Histoire, Guerre",125,2010-03-10,7.576,"1942, Joseph a onze ans. Et ce matin de juin, il doit aller à l'école, une étoile jaune cousue sur sa poitrine… Il reçoit les encouragements d'un voisin brocanteur. Les railleries d'une boulangère. Entre bienveillance et mépris, Jo, ses copains juifs comme lui, leurs familles, apprennent la vie dans un Paris occupé, sur la Butte Montmartre, où ils ont trouvé refuge. Du moins le croient-ils, jusqu'à ce matin du 16 juillet 1942, où leur fragile bonheur bascule… Du Vélodrome d'Hiver, où 13 000 raflés sont entassés, au camp de Beaune-La-Rolande, de Vichy à la terrasse du Berghof, La Rafle suit les destins réels des victimes et des bourreaux. De ceux qui ont orchestré. De ceux qui ont eu confiance. De ceux qui ont fui. De ceux qui se sont opposés. Tous les personnages du film ont existé. Tous les évènements, même les plus extrêmes, ont eu lieu cet été 1942.",Roselyne Bosch,https://image.tmdb.org/t/p/w500/fS3cOkb8cj4oRpWMCpVDGV9I7rc.jpg,"[{'id': 187056, 'name': 'woman director'}]",qXOmq3tcmnw,https://www.youtube.com/watch?v=qXOmq3tcmnw
77338,Intouchables,"Drame, Comédie",112,2011-11-02,8.279,"À la suite d’un accident de parapente, Philippe, riche aristocrate, engage comme aide à domicile Driss, un jeune de banlieue tout juste sorti de prison. Bref la personne la moins adaptée pour le job. Ensemble ils vont faire cohabiter Vivaldi et Earth Wind and Fire, le verbe et la vanne, les costumes et les bas de survêtement… Deux univers vont se télescoper, s’apprivoiser, pour donner naissance à une amitié aussi dingue, drôle et forte qu’inattendue, une relation unique qui fera des étincelles et qui les rendra… Intouchables.","Éric Toledano, Olivier Nakache",https://image.tmdb.org/t/p/w500/8hZnsW4wGz3zuuwu9eniaoKIJnP.jpg,"[{'id': 6054, 'name': 'friendship'}, {'id': 3230, 'name': 'male friendship'}, {'id': 9672, 'name': 'based on true story'}, {'id': 4501, 'name': 'masseuse'}, {'id': 155697, 'name': 'aristocrat'}, {'id': 156941, 'name': 'paragliding'}, {'id': 165583, 'name': 'interracial friendship'}, {'id': 167982, 'name': 'unlikely friendship'}, {'id': 179431, 'name': 'duringcreditsstinger'}, {'id': 184343, 'name': 'quadriplegic'}, {'id': 223004, 'name': 'quadriplegia'}, {'id': 304995, 'name': 'feel good'}, {'id': 328593, 'name': 'intouchables'}]",dvdJ--DV0Uo,https://www.youtube.com/watch?v=dvdJ--DV0Uo
110160,Laurence Anyways,"Drame, Romance",168,2012-05-18,7.652,"Laurence Anyways, c'est l'histoire d'un amour impossible. Le jour de son trentième anniversaire, Laurence, qui est très amoureux de Fred, révèle à celle-ci, après d'abstruses circonlocutions, son désir de devenir une femme.",Xavier Dolan,https://image.tmdb.org/t/p/w500/fIb2KnNRt94Vuejev6SkP6QRkEi.jpg,"[{'id': 6719, 'name': 'montreal, canada'}, {'id': 18035, 'name': 'family'}, {'id': 158718, 'name': 'lgbt'}, {'id': 194451, 'name': 'social issues'}, {'id': 197705, 'name': 'self-liberation'}, {'id': 197706, 'name': 'fearless'}, {'id': 208289, 'name': '1980s'}, {'id': 210608, 'name': '1990s'}]",RDoQz5VapLE,https://www.youtube.com/watch?v=RDoQz5VapLE
152584,La Vie d'Adèle - Chapitres 1 et 2,"Romance, Drame",179,2013-10-09,7.089,"À 15 ans, Adèle ne se pose pas de questions : une fille, ça sort avec des garçons. Sa vie bascule le jour où elle rencontre Emma, une jeune femme aux cheveux bleus, qui lui fait découvrir le désir et lui permettra de s’affirmer en tant que femme et adulte. Face au regard des autres, Adèle grandit, se cherche, se perd, se trouve…",Abdellatif Kechiche,https://image.tmdb.org/t/p/w500/2rcR4ep2XEreDyEG3TTJW6saNi5.jpg,"[{'id': 1013, 'name': 'homophobia'}, {'id': 2796, 'name': 'self-discovery'}, {'id': 10683, 'name': 'coming of age'}, {'id': 9673, 'name': 'love'}, {'id': 9833, 'name': 'lesbian relationship'}, {'id': 11190, 'name': 'sexual attraction'}, {'id': 18712, 'name': 'based on graphic novel'}, {'id': 33910, 'name': 'high school student'}, {'id': 41404, 'name': 'sexual desire'}, {'id': 156777, 'name': 'teenage sexuality'}, {'id': 158718, 'name': 'lgbt'}, {'id': 162804, 'name': 'sexual awakening'}, {'id': 186849, 'name': 'literary adaptation'}, {'id': 192311, 'name': 'social class'}, {'id': 213803, 'name': 'french cinema'}, {'id': 237281, 'name': 'lille, france'}, {'id': 251788, 'name': 'self exploration'}, {'id': 256466, 'name': 'erotic'}, {'id': 264386, 'name': 'lesbian'}, {'id': 282667, 'name': 'age-gap relationship'}, {'id': 296608, 'name': 'teenager'}]",J_ekBcdPzIk,https://www.youtube.com/watch?v=J_ekBcdPzIk
303483,Les Héritiers,Drame,105,2014-12-03,7.4,"D'après une histoire vraie. Lycée Léon Blum de Créteil, une prof décide de faire passer un concours national d'Histoire à sa classe de seconde la plus faible. Cette rencontre va les transformer.",Marie-Castille Mention-Schaar,https://image.tmdb.org/t/p/w500/f1pCWBUmlBzdvhfp8IGoVQZBdub.jpg,"[{'id': 187056, 'name': 'woman director'}]",UozgwCTAi8I,https://www.youtube.com/watch?v=UozgwCTAi8I
364137,Nous trois ou rien,"Drame, Comédie",102,2015-11-04,7.523,"D’un petit village du sud de l’Iran aux cités parisiennes, Kheiron nous raconte le destin hors du commun de ses parents Hibat et Fereshteh, éternels optimistes, dans une comédie aux airs de conte universel qui évoque l’amour familial, le don de soi et surtout l’idéal d’un vivre-ensemble.",Kheiron,https://image.tmdb.org/t/p/w500/aPYtRdJwt85OgZIUBZ5tHgmfyCO.jpg,"[{'id': 18009, 'name': 'iran'}]",IS-RD1CHEvE,https://www.youtube.com/watch?v=IS-RD1CHEvE
375798,Brice 3,Comédie,94,2016-10-19,4.2,"Brice est de retour. Le monde a changé, mais pas lui. Quand son meilleur ami, Marius, l’appelle à l’aide, il part dans une grande aventure à l’autre bout du monde… Les voyages forment la « jaunesse » mais restera‐t‐il le roi de la casse ?",James Huth,https://image.tmdb.org/t/p/w500/vcF4Jh9UsNVT8LzC8ATxsHCI9J7.jpg,[],PwcSRzvjV0A,https://www.youtube.com/watch?v=PwcSRzvjV0A
484410,Diane a les épaules,"Comédie, Drame",87,2017-11-15,5.7,"Sans hésiter, Diane a accepté de porter l’enfant de Thomas et Jacques, ses meilleurs amis. C’est dans ces circonstances, pas vraiment idéales, qu’elle tombe amoureuse de Fabrizio.",Fabien Gorgeart,https://image.tmdb.org/t/p/w500/xJjjaDE17ivJK3bc1k8bU8FfnGs.jpg,"[{'id': 7638, 'name': 'surrogate mother'}]",FE_EjLgnxwE,https://www.youtube.com/watch?v=FE_EjLgnxwE
518736,Seule à mon mariage,Drame,121,2018-11-02,5.5,"Pamela, jeune Rom insolente, spontanée et pleine d’humour, rêve de liberté et d’ailleurs. Rompant avec les traditions, elle part vers l’inconnu, avec trois mots de français pour seul bagage, et l’espoir d’un mariage en Belgique.",Marta Bergman,https://image.tmdb.org/t/p/w500/ONzqQZHN1ES66cTfiNMUUzpHJb.jpg,[],tbrBfnyMUfs,https://www.youtube.com/watch?v=tbrBfnyMUfs
585093,L'Angle mort,Drame,104,2019-10-16,5.4,"Dominick Brassan a le pouvoir de se rendre invisible mais ne s’en sert pas beaucoup. Il a fait de ce don un secret honteux qu’il dissimule même à sa fiancée, Viveka. Mais vient un jour où le pouvoir se détraque et échappe à son contrôle, ce qui bouleversera sa vie, ses amitiés et ses amours.","Patrick Mario Bernard, Pierre Trividic",https://image.tmdb.org/t/p/w500/hSatpJjxyfID8yr3Z32Dmeo9rxS.jpg,"[{'id': 14915, 'name': 'invisible'}]",n2SJUOeKVX0,https://www.youtube.com/watch?v=n2SJUOeKVX0
547523,Éléonore,"Comédie, Drame, Romance",85,2020-09-23,5.0,"Sous la pression de sa mère et de sa sœur, Eléonore, apprentie écrivain, change de vie et devient l’assistante d’un éditeur spécialisé dans les romances érotiques.",Amro Hamzawi,https://image.tmdb.org/t/p/w500/OhjGJoYf8RUpjCitgkqaZpQSPk.jpg,[],2TeTLUHgHNk,https://www.youtube.com/watch?v=2TeTLUHgHNk
733902,Mauvaises graines,"Drame, Téléfilm",90,2021-02-07,6.7,"Dans un village isolé, un pensionnaire d'un centre éducatif est accusé du meurtre d'un autre jeune. Le responsable du centre est convaincu de son innocence.",Thierry Petit,https://image.tmdb.org/t/p/w500/hozMwMUZDwGVnhsZieTQw6VnMzO.jpg,[],mA0Wul36cNQ,https://www.youtube.com/watch?v=mA0Wul36cNQ
783573,Trois fois rien,Comédie,98,2022-03-16,6.4,"Brindille, Casquette et La Flèche vivent comme ils peuvent, au jour le jour, dans le bois de Vincennes. Mais leur situation précaire devrait changer du tout au tout le jour où ils gagnent au Loto. Encore faut-il pouvoir encaisser l’argent, car sans domicile, pas de carte d’identité à jour et sans compte bancaire, pas de paiement !",Nadège Loiseau,https://image.tmdb.org/t/p/w500/7uyeiUG935yI0WHJd9Sl3yCefba.jpg,[],eDFLymQqWfo,https://www.youtube.com/watch?v=eDFLymQqWfo
1070449,Sur l’Adamant,Documentaire,109,2023-03-22,7.2,"L’Adamant est un Centre de Jour unique en son genre : c’est un bâtiment flottant. Édifié sur la Seine, en plein cœur de Paris, il accueille des adultes souffrant de troubles psychiques, leur offrant un cadre de soins qui les structure dans le temps et l’espace, les aide à renouer avec le monde, à retrouver un peu d’élan. L’équipe qui l’anime est de celles qui tentent de résister autant qu’elles peuvent au délabrement et à la déshumanisation de la psychiatrie. Ce film nous invite à monter à son bord pour aller à la rencontre des patients et soignants qui en inventent jour après jour le quotidien.",Nicolas Philibert,https://image.tmdb.org/t/p/w500/5vEK55kGMmuaCF7W1hlMf22wsEX.jpg,"[{'id': 193237, 'name': 'child care'}]",vv3dj5qZ5nk,https://www.youtube.com/watch?v=vv3dj5qZ5nk
1119550,La Petite Vadrouille,Comédie,96,2024-06-05,0.0,"Justine, son mari et toute leur bande d'amis trouvent une solution pour résoudre leurs problèmes d'argent : organiser une fausse croisière romantique pour Franck, un gros investisseur, qui cherche à séduire une femme.",Bruno Podalydès,https://image.tmdb.org/t/p/w500/ulfqdFAJ4OIkzZfudd1LJBQ7DHG.jpg,[],6d2y4r9Xf-Q,https://www.youtube.com/watch?v=6d2y4r9Xf-Q